{
	"__comment": "Designed by HanFox with Cubik Studio - https://cubik.studio",
	"textures": {
		"particle": "#plank",
		"plank": "#plank"
	},
	"elements": [ 	 
		{
			"__comment": "EdgeTopNorth",
			"from": [ 8, 8, 0 ],
			"to": [ 16, 16, 1 ],
			"faces": {
				"west": { "uv": [ 0, 0, 1, 8 ], "texture": "#plank" },
				"east": { "uv": [ 15, 0, 16, 8 ], "texture": "#plank", "cullface": "east" }
			}
		},
		{
			"__comment": "EdgeBottomNorth",
			"from": [ 0, 0, 0 ],
			"to": [ 16, 8, 1 ],
			"faces": {
				"west": { "uv": [ 0, 8, 1, 16 ], "texture": "#plank", "cullface": "west" },
				"east": { "uv": [ 15, 8, 16, 16 ], "texture": "#plank", "cullface": "east" }
			}
		},
		{
			"__comment": "EdgeTopSouth",
			"from": [ 8, 8, 15 ],
			"to": [ 16, 16, 16 ],
			"faces": {
				"west": { "uv": [ 15, 0, 16, 8 ], "texture": "#plank" },
				"east": { "uv": [ 0, 0, 1, 8 ], "texture": "#plank", "cullface": "east" }
			}
		},
		{
			"__comment": "EdgeBottomSouth",
			"from": [ 0, 0, 15 ],
			"to": [ 16, 8, 16 ],
			"faces": {
				"west": { "uv": [ 15, 8, 16, 16 ], "texture": "#plank", "cullface": "west" },
				"east": { "uv": [ 0, 8, 1, 16 ], "texture": "#plank", "cullface": "east" }
			}
		},
		{
			"__comment": "EdgeEastRing",
			"from": [ 15, 0, 0 ],
			"to": [ 16, 16, 16 ],
			"faces": {
				"down": { "uv": [ 15, 0, 16, 16 ], "texture": "#plank", "cullface": "down" },
				"up": { "uv": [ 15, 0, 16, 16 ], "texture": "#plank", "cullface": "up" },
				"north": { "uv": [ 15, 0, 16, 16 ], "texture": "#plank", "cullface": "north" },
				"south": { "uv": [ 15, 0, 16, 16 ], "texture": "#plank", "cullface": "south" }
			}
		},
		{
			"__comment": "EdgeWestRing",
			"from": [ 0, 0, 0 ],
			"to": [ 1, 8, 16 ],
			"faces": {
				"down": { "uv": [ 0, 0, 1, 16 ], "texture": "#plank", "cullface": "down" },
				"up": { "uv": [ 0, 0, 1, 16 ], "texture": "#plank" },
				"north": { "uv": [ 0, 8, 1, 16 ], "texture": "#plank", "cullface": "north" },
				"south": { "uv": [ 0, 8, 1, 16 ], "texture": "#plank", "cullface": "south" }
			}
		}
	]
}